Index,Name,Rank
0,Adam,0.28125
1,Lisa,0.166015625
2,Bert,0.24609375
3,Ralph,0.306640625
